10111111000111101011110100010100,0,0
01111001001001100010001110110110,1,1
10011111001110010000001010001110,1,1
11011000100011011011010010101010,0,0
10000001111111110101010000010101,1,1
11110110101100100001011100101010,1,1
11110010111001000101101000001111,0,0
10111100101011000101010110110000,0,0
10010000001101000000111101010111,1,1
11111010010110001011000001101001,0,0
11100001101011100001010001110111,1,1
01000100010100100010000001110110,1,1
11001000000110000001110000100101,1,1
00100101110011010001110110000100,1,1
10101010001101100000011001111111,1,1
11000101001000001010100010000001,0,0
00110010111011100010000010000000,0,0
11110011010111100000101100100111,1,1
01111111111111000101101011000101,0,0
10100001010010100001101001011111,1,1
11111100110101111000111010111001,0,0
11000110000101100010100010001001,1,1
10111011101010110001110000000100,1,1
10101011111001000110000000001010,0,0
10101000011010100001010011110001,1,1
10111000000000010010111011111010,1,1
11110000111011111100101100101111,0,0
10011011101011100111110001010000,0,0
11101010100101110001000110101101,1,1
00110100010101000001111001011111,1,1
01010000001001110000001100011011,1,1
01100101111100000100011010011000,0,0
11111010011010100000100110010011,1,1
01000000010001000011010011100001,1,1
11100111000011010011000000111011,1,1
11011010110110100011101101100011,0,0
01001001100101000001011010111101,1,1
01010000110001010001010100111000,1,1
10010110100110001000100101000000,0,0
11001000010101010000000110000000,1,1
11011101111001010111111011110110,0,0
01111011000110010111010111101011,0,0
01001101110101010000110001000001,1,1
11010001010010100011001100010110,0,0
11111001101111101000101011101101,0,0
01011000100110100010100001001011,1,1
11001111101110000000011100100110,1,1
00111011001101010000010000111101,1,1
11100011001110101000111010100001,0,0
10101000011101110011000101100100,0,0
01110000000111000000001001110001,1,1
11001100011000100000001111100100,1,1
11000011110110110110101100010110,0,0
11011001011001100001000110111010,1,1
10011100100011111000000100001100,0,0
11001011010000000101110111100110,0,0
11010000100011110000100101000001,1,1
01011000110111010000100100101111,1,1
01110101100001000000011101100001,1,1
11001100101101101001011001111001,0,0
00110100010100110000000101110001,1,1
11001111100111000000000110100000,1,1
11101110011101111110100110000011,1,1
01000000100111000001110000011001,1,1
11110001000111010001010001100001,1,1
11011001110110011010000010011011,0,0
11111111011010011000010111110010,0,0
11000100101101100000110001101011,1,1
11110101010001000001011000110010,1,1
01011111010010000010000000101100,1,1
11110010010000010000100010100111,1,1
10111111001010110010000010110011,1,1
11000100101100000000110110101001,1,1
11111010110011001000010010001100,0,0
00100011001110100000100000111011,1,1
11111101001010101111000111111010,0,0
01111010110001110001101011101100,1,1
00110111110101100010100110101100,0,0
01011110011000010001001111011100,1,1
01111110110111110010000110010000,0,0
11110011100111000010000100001110,1,1
10111100000100011011001000101010,0,0
11001011011111100011001001000110,0,0
10100001011111110111100101111011,1,1
11011110000010100001001101001110,1,1
11011100100011100000010101110111,1,1
11000110000011110101111111000110,1,1
00111110100010110001111111011001,1,1
11011110101010111011101110110011,0,0
00111111000010100010000011010010,1,1
10100010101010000000001011001010,1,1
01111011010101100001100010110101,1,1
11101111101010101010111000110101,0,0
01000010010110110001010110101111,1,1
11111100101100010100111010000100,0,0
00100100011101110001011100001010,1,1
10000011001000010001010100010010,1,1
00101110110011110000011101000001,1,2
01001101000100100100011100100000,0,0
11110010010001110001000010101110,1,1
11111000000110010000111010011111,1,1
01000000001010100010100101110101,1,1
01001111011100000011110100010010,0,0
11101110001101111011100110110011,0,0
01110100101111110000011001101001,0,0
11011111110001110011000000001011,0,0
11011001010010011000100100110100,0,0
01010001001010010000010010010001,1,1
01101111001100000010010000010101,1,1
11010001000101110010110011100010,1,1
10101101101110100111101111010011,0,0
10100100000000110001101110111011,1,1
11101100110001011001101001001001,0,0
10000110110010000000101110101011,0,0
11011000001001011010011000000100,0,0
11110100110001100001011010001110,1,1
10110010001001000001011010010100,1,1
10000111010110010010100000011111,0,0
01101100011001110000100001111110,1,1
10000011010100100100001101010010,0,0
11001110110011100101111100111001,0,0
10100001000010100011001011001011,1,1
01111110000101010001010110111101,1,1
10110110000010010000001110010101,1,1
10101000101101111000101111000001,0,0
01001011000110010000100110100101,1,1
11111101001000100011111000001011,0,0
10101010110111010100011100110011,0,0
10000101100010100001100000010010,1,1
00110010011101110001100101110111,0,0
10111101110100110000101011110101,1,1
10100100010101100010001011111010,1,1
01110111010000010001111001001101,1,1
11001100100001010000100000110111,1,1
10111011010111101000011000010011,0,0
11111001000111010011100101000001,0,0
10110001111101001000000011011110,0,0
01101001000101100110100000010101,0,0
11100100011100010100010100101000,0,0
11000011000010010000010001010101,1,1
11101011001000000000001011000010,1,1
10110111101001100000111100100000,1,1
01001111001100010011011100010100,0,0
01001010011100010001011011111111,1,1
10111010011111000011011100110100,0,0
11100011000001000001111001011001,1,1
11111110010001100010011001111100,1,1
10101001111001000000100000001101,0,0
11010010110011100100110100011110,0,0
01000011110100100001101000001010,1,1
01010011100100110000010001100101,1,1
01010001010111000000110110111000,1,1
10101101111101110010100010011110,1,1
10100110110000000001100111001010,1,1
11111110000110101110111100000011,0,0
10001001000010100100001110011101,0,0
11011110111011011001110010100101,0,0
10000000111100010100110110101100,0,0
11101111100100010010101000011101,1,1
11110001011111010000000110110111,0,0
10101001111110011000111101000001,0,0
01101000001010000010110111101001,1,1
11110100000001011000010000011111,0,0
00110100110001000010100010001110,1,1
10000010110010110001000101001101,0,0
11011100100010110001011001111100,1,1
00110111000000110001001100010000,0,0
11010101000011100100001001001110,0,0
10110111100110000000000100000001,1,1
01100001001101110011001011011011,0,0
10001011011100100000100110000111,1,1
10100111000011100000010101011011,1,1
01000110101100000000111101100101,1,1
01000010010011000001111100100111,1,1
00010101111101010000111100000001,0,0
01010110010100010000100000111000,1,1
11110011110111001110100100100111,0,0
11011111110101110110011010011011,0,0
01011111101010100000011000001110,1,1
10011000101011000001101110001100,1,1
10111000011110100101101001001111,0,0
11011001111010001001011110011100,0,0
10001001010111010010100011110000,0,0
10001010010011010001100011011001,1,1
11100010000100000000001011101011,1,1
11111010001011011011001100111110,0,0
01010011001110000010100111001100,0,0
10111010101110001010101111100101,0,0
11110000010001110001111101101110,1,1
01110001010000010010000111001100,1,1
01000100110100100100001110100011,0,0
10110110000101100001000010000100,1,1
11101100010001100000011101100001,1,1
11110101111011101000011000011111,0,0
10111000010101001010001101010101,0,0
10011010010100110100011101000110,0,0
11110010010011010010111101000100,0,0
11110111001100010000001010001101,1,1
10101011100010010010001110111100,1,1
10001101101100010110011010011011,0,0
11100111000100101001110001011111,0,0
11111010001100100101111001010110,0,0
10101100101011010000011001111101,1,1
11100111001100100010000010010100,1,1
01001100011101010000100110101101,1,1
11000011011000100001100100110111,1,1
11010110101101000011111101001111,0,0
01011011000001000001010011000000,1,1
11110011110111111101111010101011,0,0
11110010111010101011110101011001,0,0
00111101000011010000101010110001,1,1
01110011011100110011000001100000,0,0
10110001100101000010001001100001,1,1
01101100100101100001010011010111,1,1
01110110000101000001110001011110,1,1
01000111010001110010000011100110,1,1
10111111000010000111001001011110,0,0
10101110100110000111010010000101,0,0
11110100010100000011110100110000,0,0
11101111001010011010001101010001,0,0
00110111000111000001100110010011,1,1
10001101111101100111010011001000,0,0
11110011000001111001011111000010,0,0
10110111100110110000111001000111,1,1
01100010101100010001110111001111,1,1
10000001010110100010010100011110,1,1
11111100001101000010001100100011,1,1
11001000100100010010111111000111,1,1
01011001110000110000000101001001,1,1
11110111010101110001100111000010,1,1
10000110001010100000000100010111,1,1
11100101101111000100010111111101,0,0
01111111101001100001010011001011,1,1
10110000010100000001100000100000,1,1
01001001101011100000100111110100,1,1
11101110101011110000110100110100,1,2
11110101100001110000001010110111,1,1
11010101101101110001001101010110,1,2
01000001101010010011110001111000,0,0
11001011000101110010111110001111,1,1
01011100001001110101101010111011,0,0
10111110100001111011001010110101,0,0
00100101101010110001010111010010,0,0
10110101101000100011101111001001,0,0
00111000000100010001101000001010,0,0
10101111110111101010000101100010,0,0
11110000101101010111010111000010,0,0
10111001000100100000000111111110,1,1
10101111000101110000111110001100,1,1
10110011011011100010011110100010,0,0
11001100100110110001100100100110,1,1
11110011000101100111011101000110,0,0
11100011101011100000010101110100,1,1
11001001010101100000010110000110,1,1
11111011111001100001001111100111,0,0
11000010101110011011000100011100,0,0
01001001011101000010110110111010,0,0
01100101010110000010010110100000,1,1
01110110101001100001001010110101,1,1
01000000100110100010011010000001,1,1
11101010010000100000100111110011,1,1
11111111000000010110101001101100,0,0
10010111001101110101001010010100,1,1
11101110000000110101101101010010,0,0
11001111101101111010100110110011,1,1
00100101110111010000010011011000,1,1
11100010111001010111011011010110,0,0
10100000000110101000100000010011,0,0
00101000110111000001010110110011,1,1
10111001110011110111110011100110,0,0
11110100110101010010101100011001,0,0
11100011001000100010000000001001,1,1
01101101011000010000011101011000,1,1
11100001010001010000110011001000,1,1
11110111111110110111010011011001,0,0
00011111001111010000110110111110,0,0
10001000000101000110010001001110,0,0
01000010100110000001000100001011,1,1
11100010000001000101110010101010,0,0
10011110001100000010110101100110,1,1
11111000001001000010100110101011,1,1
11000100001010000010110011100000,1,1
11000111101010111000111101001111,0,0
10100001010111010101111111000011,0,0
11010011111100100000100110111001,0,0
10110001100011000110000001110001,0,0
10101110010100000110110001101011,0,0
01011010001101010001110000011110,1,1
10111000100110001010101000010011,0,0
10111000100001110001110100010100,1,1
11111001110010001001010001101001,0,0
11001111100101100100110010000101,0,0
10101101101000110000100110110010,1,1
11011010011000000001000000111110,1,1
11011101101000100101100001101011,0,0
10110111000001100011011100001101,1,1
10011010010100100000111000101110,1,1
10011000000010010001100110001011,1,1
01011001000001000001110100001010,1,1
10111101000000110010001101010010,1,1
10010011010100000001001000111101,1,1
10110010001000110111011010000000,0,0
11001001000101110010101011100110,1,1
10110001000101010001011001010110,1,1
11100001111000100011110000100000,0,0
11111011110001000000101111101101,1,1
10000010100101110100001100110000,0,0
11101101010100100010010011101111,1,1
01100001101110010001010001000000,1,1
10001101011110110111100110001001,0,0
11111000010010010001010111010011,1,1
10101100110111010000011011111000,0,0
11000011100001010000100110001110,1,1
11100111100100010000101001000110,1,1
01111001000000110101101110001101,0,0
01001011100011100010011000111010,1,1
01011100000011000001101101110101,1,1
01111000110101110100001000110011,0,0
11000101010000100011001000011101,1,1
10000011101111100100000000110100,0,0
01000110011011000000100000100000,1,1
01110011011110100010111100100010,0,0
10110111000111100001001101000101,1,1
10011011111101100110101000101001,0,0
11111000101000100011000111101010,0,0
11001011101100000110101000110110,0,0
01111010011011100000111010001000,1,1
01010011110001110000010000000011,1,1
11011010110011100001101101001110,1,1
01001101100101110001101001011101,1,1
10001011101110100001000110011001,1,1
01110100110111100011100001110111,0,0
00110101100110110000010100010011,1,1
01100110011101010000110101000100,1,1
10001101001101100001010100001100,1,1
10001111010001100000010101111010,1,1
10010000100001000000111111001101,1,1
10000011100111010110010010001001,0,0
11000001000100100001110100110000,1,1
10101011100010000010101101000111,1,1
00101100101110000001011010110001,1,1
11010100011000100001111110001011,1,1
10111001010111111000101001100110,0,0
11110011000100010100000111111101,0,0
10001111010001110000110011100001,1,1
11010000111011000010100100101001,0,0
11110011000001100111010101001011,0,0
10100100001101000001101100100001,1,1
01001110111001000100011000001011,0,0
11100110010010000001001110111001,1,1
10111110101010000100001000110111,0,0
10101011011111011000011101100010,0,0
11100101011010110011111000010100,0,0
01110000011001110010111011100011,0,0
11111100100101010011101101111000,0,0
10101001101100011000010001101100,0,0
01101001100000010001010011101011,1,1
01100011010010110101011101100110,0,0
10010011000010110001101011000101,1,1
01101100010010110011011000000001,0,0
11110100010011110001000010111010,1,1
10001000010100100010111011100000,0,0
01111010111001000011010110111001,0,0
01101100000001100010100010010001,1,1
11111011111110010011101100000110,0,0
11110110111101111000001011001010,1,1
11111111000110110000011111100011,1,1
10010101110101000100110111011110,0,0
10100001011111010011111100100101,0,0
10100000000000100001001011000011,1,1
11011011001000100100001101001010,0,0
11001110010110011010110000000110,0,0
11001101000001000000110001011001,1,1
01111111000010110000011101001011,1,1
11000011010110010000001101000110,1,1
01111000101100110110111111001110,0,0
11110010010101110001101010101011,1,1
00110111010101110001011000000011,1,1
00101001010111100010000011001111,0,0
11001010001101110011110101001001,1,1
11101110011100100000101100011111,1,1
10110101010100110010010001111010,1,1
00101011111010000010000000110010,0,0
11110011010010100111110010110111,0,0
11010101111101110101001010001010,1,1
10111101000100110101111110010000,0,0
10111011111010011001010001101101,0,0
10011110001101010001101100100111,1,1
10110010110011010001111010000000,1,1
10100111000101000110001111001101,0,0
11100100001101010001011111101111,1,1
11001000010100000000010101111110,1,1
10110010101100110001110101110100,1,1
01101010100100110010000010000000,1,1
11100101001110001000001100000111,0,0
01110110111001110001000101010110,0,0
10000000001000010000011100000100,1,1
11100111001111010011010001010100,0,0
11100110100000000000101000111000,1,1
01100000010101010011010100101111,0,0
01011000000010010010110101001101,1,1
01100010101101100001010111000011,1,1
10010110101010001000101111101100,0,0
01011011111010000100110000010110,0,0
11101010000001110000111111111011,1,1
11110000010100111011110101110011,0,0
11011010011100010100001001101011,0,0
11000110101010110000110001100101,1,1
01111111110001100001001001010010,1,1
01110110100111110101001101101010,0,0
01111001010100110000000100100100,1,1
10111000010100010000001010010111,1,1
10000100110111100011100010001100,0,0
10010001001011000000110010110011,1,1
10000000100100110001011011100101,1,1
11100010100001110110100100110010,0,0
10011000111000000000110100111101,0,0
11011100100010010011101101011100,0,0
01010110110100000000111110000000,1,1
10100000111010010001001011110100,0,0
01101000110001110010000110010000,1,1
11010000111000000111101011001111,0,0
11011010010001010000000100011001,1,1
11101000110010000100101001111111,0,0
10101000111000101000111010110110,0,0
11111000010010110001010010010010,1,1
10100111100000100010000000010100,1,1
10110011011001010100111010110001,0,0
01001001100010010001101010100010,1,1
11111011001001010001010100111001,1,1
10101010101100011000010110000011,0,0
01000101100000010000010111111010,1,1
10111001011010100000011100101110,1,1
11100100010100100111011110010011,0,0
11111110101100111000010111010000,0,0
00101110110110000001011010110000,1,1
11101010110011100010010011010111,0,0
01000001100100100000000111001000,1,1
10101111001100000010001101010001,1,1
10100010001000010110011000010011,0,0
11110101000001000101101110101101,0,0
11100001011011100110110010011001,0,0
00110011010010000000010001001101,1,1
10110010111010010001001110010001,0,0
10110101010101000001111001000001,1,1
10101001101101110111111010000001,1,1
00111100000111010001001101110011,1,1
10100000101100110001010001111001,1,1
01100100001110110000011110100101,1,1
01010100100001110011010110000100,1,1
11111110010001001011110101100100,0,0
10110010100011110000100001111110,1,1
01001101011001100011011011111000,0,0
10101011001111111000000100011011,0,0
10100111111101101001110100011101,0,0
11110001001010110101111101110000,0,0
10011011010001100010100011100001,1,1
11010101111101111011101000001001,0,0
11111010010010101011101001011100,0,0
11010100101110101011111010001010,0,0
01111110000100110110101101000111,0,0
01010000100001110000000110001000,1,1
11111100100110110000100001000010,1,1
11110000110001000001010011011011,1,1
01001101100100100010100011100010,1,1
11001000110101011011010111011101,0,0
00111110000001110000110110100000,1,1
11010110110011001011110100000100,0,0
11010110101001100101101101101110,0,0
11111110001011100001100011000100,1,1
10011111001011110111111011101010,0,0
10110000001010010010100111101111,1,1
10101010010101110001101100111001,1,1
10100011100101011000001110010110,0,0
10000100001101010000011011110000,1,1
10111111101010011001100101011001,0,0
11111111010111111111011110010111,0,0
11001011101001101011010110000111,0,0
11001111000001100010100100110011,1,1
01000111001100010010010011110110,1,1
01001100100110100000011101011001,1,1
01111111100101000110111001000011,0,0
10010110010001100110100001000111,0,0
01010101100111000001101001110110,1,1
10110101110000100110010000101011,0,0
00111010011001010010000000101011,0,0
11010111000111110000011000001001,1,1
01110111011110100110001100111011,0,0
01101101100001000001101110010111,1,1
11111100101100001011011001101101,0,0
00111100001000110011000100001110,1,1
01110000001100100010011001010000,1,1
11001010001011000001100111000000,1,1
10111011100010110001010000011100,1,1
01101100100101110000100110111111,1,1
10101101001010100100110011110010,0,0
11100001101011011101100001111100,0,0
01010101100010100001010100010110,1,1
11000001000101100000110100100000,1,1
11101110101111110001000011101001,0,0
11001101001100110000000101001011,1,1
10000001010110100001010010010010,1,1
00110100101011110001111110000000,0,0
11010110000100100010101100000100,1,1
00101110001110010000001110101011,1,1
10101000000100000001011010000011,1,1
01100010100000100011001001000000,1,1
01000110011011010000011011111101,1,1
01101101011000110000110000001100,1,1
01010110100110010010000101110101,1,1
11101100000011110000111111011101,0,0
01100111100011010001001011000100,1,1
01110100000011110110100100111010,0,0
01110001100000100101100001011000,0,0
10011111010011001001100110001011,0,0
01100110001110010001101001101101,1,1
10100000010111110011101011001101,1,1
11011111111110111100000101000111,0,0
10111111100110000000011001011010,1,1
11010001001101101001001000100011,0,0
11110101101101100000101000111001,1,1
01010100111111100001000010001001,0,0
10111010000111000001101000001110,1,1
11001000101100000000010001101100,1,1
11111000111110011110111010101101,0,0
10111111000110100001100111101011,1,1
11100101000010111101011001110100,0,0
10010111111000100011001110100000,0,0
01110010100101110011111100111001,1,1
00111100001101010000101010001011,1,1
11101100110110010011000111101110,0,0
10011011010010100010000011110001,1,1
01101101100011000000011101000001,1,1
01101101010111000000011000011001,1,1
10111111000011100010100111011111,1,1
10110011110001001010110111011100,0,0
10110111000100110110111110000010,0,0
01111111110101000001100000110111,1,1
11011111110011110100101000101011,0,0
11000101001100110001100000010111,1,1
11001001100011110001001000010000,1,1
01110101010100000010001001111001,1,1
10001100010100100101111011000100,0,0
11101101101000000000101101101101,1,1
10110001101011110100010010000110,0,0
10101101111001111000000101101110,0,0
10111011000100110110111001110011,0,0
10001011100111000111111010101100,0,0
11110110100100110010100101000010,1,1
10011111101110101001000111010010,0,0
11001111011101110010100100111011,1,1
11100001010010000001011110010101,1,1
10001101001001000100100000100100,0,0
11100011100100010001100010000101,1,1
10000111101111110010001111101010,1,1
10110001000110011001101001010111,0,0
11010100100101000101111110111011,0,0
11110100001001111011100111100011,0,0
11101000100010000000111111100111,1,1
01110101001011110101011111001101,0,0
11110101001101000010000000100011,1,1
11111011101111101110100100010010,0,0
11110110010101010000100011101110,1,1
10100001100010010111001010001010,0,0
10110001111000001001011001010110,0,0
10111110010101000000100110111100,1,1
01010111011001000000001110011011,1,1
10101110000100110000001010010100,1,1
00101010111011100000101101010100,0,0
11110100000001010011010011100110,1,1
11111101110110011000011110110100,0,0
11010101011101011100000101111110,0,0
11011111111000100011111001011111,0,0
11011101011101100000110010110111,1,1
01110011000101100010010111100111,1,1
01110100001001010001001110001110,1,1
11000100000100100000110000010111,1,1
11110001011111101000100010110010,0,0
01001010001010110000111010101010,1,1
01000111001000100011010111100001,1,1
01100000100000000001111001111010,1,1
10010001100110100001100100001110,1,1
10110101010100010001101001010111,1,1
01100011001011000001100110110001,1,1
10001101100010010010110100100111,1,1
00110101000001000010010010100000,0,0
11111110000001110011010100011000,1,1
10001101001011010011111110101110,0,0
11111111101010100110111000001001,0,0
11110011110010011100000110001011,0,0
10111101110101010101011000110111,0,0
10111110100101110001110010001010,1,1
10110010000011110011001101010010,1,1
10100110001101100111101011110100,0,0
10100011100000100111011110001100,0,0
10001000010011000100001110011000,0,0
01000001010110000000011110001000,1,1
11111100011011000100110110011000,0,0
11100001010101010100010101011010,0,0
11111101000001111010010001001111,0,0
01000100111001000001111111110100,0,0
10011001010011010001100010010110,1,1
00111010001101000010101110001000,0,0
11100001110100111010000111101001,0,0
11000011010100000110101111110101,0,0
00111110100011100001000010011111,1,1
10100001011011100000100100110011,1,1
11111001011010111000100000010111,0,0
11001011101111001010100110100001,0,0
11011000100011010000001101010001,1,1
10000010001110110001001000111110,1,1
11101101111010101110110110110000,0,0
11010000100110110101001101000101,0,0
10101110010000100110101000011011,0,0
10010000101101000100110110001011,0,0
11001011101100100010001000100100,0,0
00111100011100010010100100101100,0,0
00111010010001110001110000110011,1,1
01011001010001110011110010101110,0,0
01110101010010010001101000001011,1,1
11111110110010110101111110110001,0,0
11000010100101001001111100001000,0,0
10101001100111100100001001000011,0,0
11101001101010110000100010000101,1,1
11100000110110011010100111010111,0,0
10100101000010110001010010001101,1,1
10111001001001110000101001010101,1,1
11101111011100001101010010100011,0,0
10000100000011110001101101001101,0,0
10010011011000100000011100011100,1,1
11000101011101010010010110110100,0,0
11000010111110111011110000011010,0,0
10111000000110010001110010101010,1,1
11001010010010000001001101010100,1,1
11000111011101011001100000001000,0,0
11001010101010010011101110011101,0,0
01111010010101010000000100001010,1,1
01011000001101010101000101011110,0,0
01100010010101010011000101110011,0,0
10000000010110110010001100111110,1,1
11101010101011001100101100011000,0,0
10010101100101010010011001100001,1,1
11100100101001010100010101010000,0,0
01101011100000000000101001011010,1,1
10010110010100010010001100110001,1,1
01011011011111100010000110101001,0,0
10110111110110101010110001000101,0,0
10111000011111001000101011001000,0,0
01110001001100110011100101011101,0,0
10000110100000100010000111010001,1,1
11110110010100100100001001110000,0,0
10110111101010011001001000111011,0,0
11101101001111011001010101001101,0,0
11010110010001111010101110001110,0,0
11010000011101110000001100011111,1,1
11011000000110010011010000110010,0,0
11111000100111001001010101000110,0,0
01001011101101100000011011101110,1,1
01111011001000010011000110100000,1,1
11101111110110011011101110110010,0,0
01010011001101010000001000111110,1,1
11000011001001110000011111110100,1,1
11110110000101010011000110110111,1,1
11100011101011110000111011100000,0,0
10111000000011010010000111000111,1,1
10000001011001110001111001100110,1,1
10111001000001010000010000100101,1,1
11101110010000100110110001010010,0,0
11011001101110000001001111111001,1,1
01010110000000100001111011000000,1,1
10001110000000110011100101000100,1,1
10001001101101100100101100101001,0,0
11001111101101110010111001100111,0,0
00101101100111010001001000111111,1,1
11011100100011010000101000100010,1,1
10101000110001010001101100000110,1,1
01011001111101000011011100100001,0,0
10011110001110010001010010101011,1,1
11100111010100010010001100100000,1,1
01111101100011110100110000110001,0,0
01011010101010110001110000011101,1,1
11000110110000100001001011110101,1,1
11001000100100000000010111101111,1,1
11001101100010010010010110010101,1,1
00110000110010010000100101001101,1,1
11001111010110100000111000111110,1,1
10110100100110010001010110010011,1,1
01001011101100000000100010111001,1,1
01110110001010100001101101110110,1,1
11011000100001110111111011011101,0,0
11011011010001010000010011000010,1,1
01010100110000010010110101010100,1,1
11000010010001010001011011000011,1,1
10110111110010100011000001011011,0,0
01110101101001010110111011111010,0,0
01011001001101100001000011000101,1,1
10011000011111101000101011101010,0,0
00111100101111100011001110010000,0,0
01111011100101110011001011001100,0,0
11100001001001010000010110111000,1,1
00110001110001000001101001110110,1,1
01000000111110010010010111110011,0,0
10100100000100010000001001001011,1,1
01111111100110010001100111111111,1,1
01110110010101100001000100110110,1,1
10001010101001100000101010101111,1,1
10100010111100110101010100010110,0,0
01100001001000000001111111000010,1,1
01010001010000010000011010011011,1,1
01000001101101110001001000010011,1,1
11000111010011010100010101101011,0,0
00110000100101100010101100110101,1,1
11001001001010100010111100111001,1,1
11111010010000100001011011001011,1,1
00100001011011000001110100000010,1,1
10111001111010110001011101000001,0,0
01000101100001100011010101101101,1,1
10100000010010000001011001001111,1,1
10111001000100110000111111010101,1,1
10010111001010000000011000011001,1,1
11101110010100010001111010111010,1,1
00111110001010000000111011110010,1,1
10000100010011100010100101101000,1,1
01101000011110100001001111100001,0,0
01011101011100010000101011000110,1,1
00110010101011100000111001011111,1,1
01000010101011000001010101110111,1,1
01011110101011100001001110001110,1,1
10110001110101000101110001000100,0,0
01001110000111010010010001000010,1,1
11000111001110011001110010010011,0,0
11001111101000100100101100001001,0,0
10001111011001100010001100110101,0,0
11001011110011100001001001110111,1,1
11110011011100001110010010101101,0,0
01101110011110010100000101001100,0,0
10110101101101001000011111001100,0,0
10000000001001010001110101000110,1,1
10100110011010011000101111111011,0,0
11011001111011111001000101010101,0,0
10000100011001100000110011001101,1,1
11001000010100000010010100110010,1,1
11010100100000000001011000001000,1,1
10101111000101100010100000100001,1,1
01001011101101100001001010110001,1,1
10000110101100100000101100110001,1,1
11000100101011000000100000000010,1,1
11010011010100110101110101010100,0,0
11011111011001011001111110110101,0,0
10001101010110110000000100010100,1,1
00110001010110100001100100001000,1,1
11101000100111100000010011100101,1,1
11111101011101011000110101011110,0,0
11001111001101011100110100001101,0,0
00101101010101110001110011011110,1,1
10011011000001010101011100100101,0,0
11010011000101100101101111000110,0,0
11010111000101110111000011001010,0,0
11110100000011111101010111110101,0,0
01100011010110110000010011001110,1,1
00110110001011010001000101101001,1,1
11111111100110110010000001011100,1,1
01001101100101100001000100111011,1,1
01000100010100100000001010101001,1,1
10101111000101010001110101010101,1,1
10111001111110011010110001000100,0,0
01000010100011100001011110010100,1,1
11001010111010011000011011011100,0,0
11011001100011000001010101001100,1,1
11111000100011010101100000111011,0,0
00101001010111000000110101001101,1,1
10011000010001100010111000000010,1,1
10001010101101010001100010010010,1,1
01110010110110110110010011111011,0,0
10101011011110110001010111110010,0,0
11100111001100011101100100101011,0,0
01100010100010100001111110111111,1,1
11101010000111110000011111000101,1,1
11011101110100001011100100110100,0,0
11111000000011010010011011100101,1,1
10000110100101110111000000101011,0,0
10100011010010110010110011011100,1,1
10100000001011000000110010111111,1,1
00111100001101010001011110011110,1,1
10111101100011000001001000101000,1,1
01110011110010000001000100111101,1,1
10110101111000111001010101010101,0,0
10010010000010010001000011101111,1,1
10000000100101110100111010001111,0,0
10110100110100100000101001110011,1,1
10010011101000000010110110011011,1,1
10101001110110010001001010101011,1,1
10111100011100110110101110110100,0,0
00111110001010100001100111010101,1,1
00100010111101000001001100011010,0,0
10100001000001010111111110111000,0,0
10111110100100100010010000110010,1,1
10100101100101110001110000000111,1,1
11110101000110100001010000000001,1,1
10011101010001011001000110011000,0,0
01101000000101010001100101101000,1,1
01111011010101000001000101110011,1,1
11000111101110100100001110101010,0,0
11110101000001110111111000111010,0,0
11111101110100011001101011000001,0,0
11010101110000110101001100011011,0,0
11101000101111111001111000001101,0,0
11111110110001010001001100010110,1,1
00111111000110000011000001000010,1,1
11001010110001000100101000111111,0,0
10010010000000010010100011010001,1,1
11111010010000010001101010110110,1,1
11000011101110000000100000100011,1,1
01001001001001010001010100101001,1,1
10011101101101101001010000110100,0,0
10101111000001000011011101111001,1,1
10101010010010100001000101011010,1,1
11010111100100000001010001111101,1,1
11111100001000100010011011000010,1,1
11110001001110100000111111110011,1,1
10001110000101100001011010100010,1,1
10101110001011010110101100000010,0,0
01111100010101010011011001111100,0,0
01100111111110100000110000110101,0,0
11010001010000100110000111011010,0,0
11000010000110000001000000100011,1,1
11110100100011000100101111111001,0,0
01011111000100100011001010000100,1,1
11011010000001000001001100011110,1,1
01111000010101100010010100110011,1,1
11100001100011110010000010101110,1,1
01011101011000110000101001001101,1,1
10101101000011000010101001111000,1,1
10111101111011010011101001101110,0,0
11011000110011000100101010010110,0,0
00101011001110010001010000101001,1,1
00111010000000110010111100110001,1,1
01001010110000110010000001101000,1,1
10110010011101011010100001000011,0,0
11101110101001101101000001110111,0,0
01010011100011000000101111010110,1,1
00101010111111100010101000010110,0,0
01010011010001110010110101011010,1,1
10001000001011000001101010010010,1,1
11001011000001100000110101011100,1,1
01001000100100110010010110010001,1,1
10111111110111011001001000010101,0,0
10001111011101010101010101010110,0,0
01101010010100010001001110110000,1,1
10110101110001000001100001010100,1,1
01010011101001100010000111100010,1,1
11010111101000110010001110001111,1,1
10110101110110010001010010100000,1,1
10111001011100011000000100111111,0,0
11111000000100000001001110110111,1,1
10010110110000011001001101110000,0,0
01111000110110100100100001110111,0,0
10001111100101000000011100011110,1,1
11100010010010011100101001010110,0,0
10110110101011111000001000100101,1,1
01011101001100000011000110000100,0,0
10101111111100000110011111110111,0,0
10011111011001000010011001111101,0,0
00110000111000000001001000111010,0,0
01011010100000000001110001000100,1,1
00111010100110100000100011011110,1,1
10011100010010100101010100111100,0,0
01011101000110000001101011000010,1,1
01001000000100000010111001110011,1,1
11101101000001010000100100010100,1,1
11000000000010110010001000001010,1,1
10100100100101100000001010000100,1,1
00100010011001110000111001011011,1,1
10001101011000110001100111010101,1,1
11101111100011111000100001111110,1,1
11111110110001111000001100000100,0,0
01110001100000000100111100101100,0,0
00111011011001000000000111010001,1,1
00111011100011000001110011011100,1,1
10111000110100000010010000101001,0,0
11011110000111010101010111000000,0,0
11001011110010110001100011111111,1,1
10001111010110000010011110001011,1,1
01100001101100100000100001100011,1,1
01101011000101100000100100101111,1,1
11010010010011010110001111001001,0,0
11101001101110110000110011010101,1,1
10010111001010110001111011110010,1,1
10010100111001000101111011111100,0,0
01111111100010010001001110010111,1,1
11100101110011110111000010001011,0,0
11111001011010111000011011000101,0,0
10101010100001101001010000000100,0,0
11100000001101110000100011000001,1,1
01111100110001010000100101111111,1,1
01101111100110010001000110101110,1,1
10101010110010010001001110100101,1,1
11110011101010100001100010010010,1,1
11111100111111011000100001110111,0,0
10011110000000110001110100110010,1,1
11101101111010010100111100101011,0,0
01001101000011010011111110011100,1,2
10110011000001000010101110011101,1,1
01000010001001110010101010101011,1,1
11010100001101110001011100011000,1,3
11001011000111010001000001110000,1,1
10100000000010110010110010001000,1,1
10100010100001111000001011111111,0,0
11001101000000010001111001010101,1,1
11111101110001000011000000001011,0,0
11101100011100101101010010110000,0,0
10111011011111111010110100011001,0,0
01011010010110110001000111101110,1,1
10011110100011100001001000110011,1,1
10001101110101101000101100110000,0,0
10111111100111100110010001111001,0,0
01011010010110110010000110001111,1,1
11100001011011111101110100101111,1,1
10001100010011100010001110000111,1,1
11011111001011100000011000100001,1,1
01110011100010110011011000010100,0,0
01110111001100100001000000001110,1,1
01011101001101000000100001111101,1,1
11110011110101001001110101010110,0,0
10010100111010010011000011101110,0,0
10101001100001010011001100011001,1,1
11110101011100110100000111010000,0,0
10100010100010110010001110101111,1,1
10110010011011000000001010100000,1,1
11111010101100111110001000111000,0,0
11011110101101000111101101100111,0,0
10110101001110010000010111000011,1,1
10111101100101001010100001000111,0,0
11000110010100100000111010011001,1,1
11110100010000110000011010110011,1,1
11101100000110110000101111100101,1,1
01001010000001010011101100011011,1,1
10101111100110011010010100011000,0,0
11000010101101111010000101110010,0,0
11110001000101000001011111011010,1,1
10101010100010101010001000001011,0,0
00011000110001110001000000111001,0,0
11010010010101101100110111011100,0,0
10010000111001100110001001000110,0,0
00111000110101000000110110010000,0,0
10111110101000110010110100111000,0,0
01010011010001110000110110000111,1,1
11100010011001011110000101001010,0,0
10101011100110011000111010001101,0,0
01000110101100100001000001010000,1,1
01011111011000100000010001010000,1,1
11101101101010000000001001010010,1,1
11110001001110001000110100100000,0,0
00011010000010100000101111011011,0,0
11000001000001000001110001110001,1,1
10010000100001110001100101111100,1,1
01011111100000010000010010001110,1,1
01110001010011100001010100101001,1,1
11000101000010110000111001010101,1,1
11000110011100001100010011111001,0,0
11111011001011001011110110001111,0,0
11010110000111110100000111000001,1,1
11001100100100111001110100110111,0,0
10001110000110010010111110111010,1,1
11110101000001100011011011001111,1,1
10110010000001110000100011010110,1,1
11000011100100001011101110000100,0,0
11101000000101100011111001101010,0,0
01110100010111110101000000100111,0,0
01011111100010100100010111110111,0,0
10010010000001010110000000111001,0,0
10101100011010011001001101111000,0,0
10010111001001000000111001100111,1,1
10100101001110000111100100111111,0,0
01100101010100010001001010011001,1,1
11000110101001100000101010101110,1,1
10110000010111011000010001011100,0,0
11110000101011111000101101110111,0,0
10111010101110110000101101010001,1,1
11011010010010110011000010101000,0,0
11111101101101010111111001000010,0,0
01010110001011010000001001000110,1,1
01111101011011100101001010110111,0,0
00100010111010000001111011000100,1,1
11001100011110000100001011010111,0,0
11100011111001010011001100110111,0,0
10001111011100000000011101111011,1,1
10010000010101000000010101011001,1,1
10101101001010100000100110100000,1,1
10011011001000100000010101010100,1,1
10110011110011010000101000111011,1,1
10111111000010111011100010111000,0,0
01110011011010100000011111011110,1,1
11111010001100000001001110001100,1,1
01011010000100010000111111101101,1,1
11010011000110000010001001001001,1,1
11010100111111110010110111000000,0,0
10010101010111100000111001111000,1,1
11111001100000110001001111001101,1,1
10011101100111010000110000000001,1,1
11111110000010110000101001100000,1,1
10110010101111110000011111101111,0,0
10110001001000010101010101110011,0,0
10010101011011110100110000010000,0,0
00010010010111100000101111100001,1,1
11001111000111111100000010101011,0,0
10111011111011100001001001101000,0,0
10010110011001110011100101111000,0,0
00101110010110110001010000110000,1,1
10101100010010010010101100001111,1,1
01100011101110000010001110110110,0,0
11111010110100111101101011011000,0,0
01010110010110000001000111001110,1,1
01110111000111010101010010001100,0,0
01001101010011000010100001100101,1,1
11100100000101000001010111100000,1,1
10111101110111011010001110000100,0,0
10001010001011110101000111110100,0,0
11001010000110000001101110101100,1,1
01010000010101110000011111010111,1,1
10101000100110110001100010001010,1,1
10000010111011000111011111110011,0,0
10100000101110110111000101101100,0,0
01111011010010000100111011110101,0,0
01111100101001010100000001010100,0,0
11111011010111010000010100000011,1,1
01001011101001100010101000010110,1,1
11110001101011110101000111100110,0,0
10111011011011001011101101100100,0,0
11010101000100100010000101110111,1,1
10010010010001100001110001111100,1,1
01100001110101110010010011100001,0,0
11010000011101110000010100000100,1,1
00111111111001000001100110110000,0,0
10001101100111000010010001011001,1,1
00000111101000010000001111100110,0,0
10100111010110110001111111001000,0,0
10010011110010100000011010110001,0,0
11001100001111100100101000011100,0,0
10010010101011100001110000011000,0,0
01010011001000100000001000100101,1,1
11001010000101100001111110110101,1,1
10011011000100010010101011000110,1,1
10001000110001010000110111001100,0,0
00111000011011010011001000111110,0,0
01111110000111000000100110101100,1,1
11010101101110000001011110011001,1,1
10100000001010010000110111001111,1,1
01011011010110000010010011100100,1,1
11110001111110000010100110100101,0,0
10101111010001110001010111000011,1,1
10100111100001010001010000101111,1,1
11101001111010010001001001000100,0,0
11011100110000110110011000011011,0,0
11000001000000011001100110100111,0,0
01000000101010010000011010000000,1,1
10110111110011000010110101111011,0,0
11001110110110100100010111001000,0,0
10011100010110110110011001000010,0,0
01010101100100010011101011001010,0,0
11111010001100001001101111100011,0,0
11111011101011000010101110110100,0,0
11010010010001010011100110001011,0,0
11101001100100101000100001100100,0,0
10101010011110101010001001000000,0,0
10110100111101110100100010001010,0,0
10101101101000011001000111100010,0,0
11000001111011000011010100111010,0,0
01001011100000110001001111011100,1,1
01100001110011010011110101001100,0,0
01111000100110110010100111011011,1,1
10111111011110011000010010110011,0,0
01111000100001110011101110010010,0,0
01010011001001110001000001001001,1,1
11101010111000100101110011011100,0,0
01000111101100100001010101001000,1,1
10111011001011111000010100101100,1,1
11100100010100000001011001111001,1,1
10111100100000110000000100000101,1,1
11110111011011111000100111010100,0,0
10101000000010110000110100001000,1,1
11000011100110100111011101000000,0,0
10111111000010100001000110001000,1,1
10110101000110011000110111001100,0,0
10101110001000100001100101100001,1,1
10010100001100110101101101000000,0,0
11000100001011100111001000101011,0,0
10111000011011111011000110110010,0,0
11000000111000101010101001001110,0,0
11101000001001010001000100010111,1,1
01100010010001110001111101101011,1,1
10110100000010110101110000101010,0,0
01011010110001010001010001001101,1,1
11011101001011011000100100101111,0,0
11100001011001011011111010010110,0,0
11011111000101011001000001000011,0,0
10011001101011000001110110011110,1,1
00100101100110000001010111111001,0,0
01111010011010010000011110100000,1,1
10010010111111010101001101100010,0,0
11100000001010111011001110100101,0,0
10101010001000000010111111110111,1,1
10110100110101011000011110001100,0,0
11001011110000100001100001011100,1,1
10001010001000000001111111011011,1,1
11111000110011101111011111101010,0,0
10001000010000010011011011101011,1,1
00101011110110110000001011001100,0,0
11011000101110000001001001100000,1,1
10111011101111110100110011010101,0,0
11000100001011101000011110101101,0,0
01111100000111100111001100010100,0,0
00101011111100000001010101101110,0,0
10110100101000100001011100000010,1,1
10011101011000000001111001010111,1,1
10010101101000110010110001011111,0,0
11101111100000110010000001010011,1,1
10110110010111000000011000101010,1,1
01010110011100000001111101011101,1,1
11010101000110110110000011101101,0,0
10000101101110100100011001110101,0,0
00101100100111010010011101010011,1,1
10100110000010000100101100101110,0,0
11111001001011111000110011010111,0,0
10001101001010100010111110010011,1,1
01110000100011010010110001011100,1,1
11110101111101011100101011000110,0,0
10110001111010000101001100011010,0,0
10011000100000000010010110000000,1,1
10011100101000010000101111000101,1,1
11000111001100000000101101100111,1,1
01001111011100100001111111111101,0,0
11010011011000100000110110110111,1,1
11010000110101001000011000010111,0,0
10100110001100110010000010011100,1,1
01101101101011000001111011011010,1,1
10111001111110100101101111111001,0,0
10101000001000110011110100010101,0,0
10100011110000100000101010011110,1,1
10110101101011110110010101111010,0,0
10111001010001110100011000110110,0,0
01000011111000010011100100111010,0,0
00010110111100010000001011101010,0,0
01001110001001110000111010101000,1,1
11111001100001110001111011100011,1,1
00100111001011110000000100011011,1,1
10100101010010111001000111100100,0,0
11010011000101001011011010111000,0,0
10110010011110100010000111110001,0,0
10011010000110100001111001101000,1,1
10110110101110111011001111100110,0,0
10110111000110100100110011010001,0,0
10011111010011111000011110001010,1,1
10101110010000100000011101111001,1,1
10001001011011000001101000000011,1,1
10101001100001100110111011010110,0,0
10001001011111100000010011101111,0,0
00110111010100110001001000001101,1,1
10001110100110010010101001010100,1,1
10101001001001000011000111101101,1,1
11000001110011110011000111010011,0,0
11110010100110010010011100010001,1,1
10101001001100110100010100101010,0,0
01111100001111010110001000101000,0,0
00101110010111000000100001010100,1,1
11011111010011001100011101010001,0,0
11011100001100110110111111110110,0,0
01010100101101010010110111100011,0,0
11101001010010000101101001010011,0,0
01110001011100000101111011001010,0,0
10001001110100000011001011101101,0,0
01110000110011000001110010001110,1,1
11000110001110110000011101111100,1,1
11000010001100000010100101110000,1,1
11100101010101111011111110001000,1,1
00100000011100100000100111100100,1,1
01111100011110100101110101101011,0,0
10011111001101010010001111101100,1,1
01100001001100000010011011011100,1,1
01110011010011000000101100011110,1,1
11100111111000101000111110100110,0,0
11101000000110000101000010001101,0,0
11000000110000000110111100111011,0,0
11111001111101100010100101100001,0,0
11110110000100010110010001010010,0,0
01010011110000010001011111110101,1,1
01101110110100010000010100011100,1,1
10000011010101110000100101010110,1,1
10010010011011100110010100110101,0,0
11010010101011111001101100100101,0,0
00100000010001010001101010001100,0,0
10000000001000100000001011011010,1,1
10000110100001000010010110001101,1,1
01010011011101010000111011111100,1,1
11101000100011010010011101110101,1,1
10000011001001000000010101000010,1,1
10110001101101100000110010101100,1,1
01001001101010100011110111110111,0,0
11001100001011000001001010011010,1,1
11101000101100010001111111111100,1,1
11101000000101010000010100101101,1,1
11111111101001000000110110101100,1,1
10100001101000110000101010101110,1,1
01101100110010010001100110011000,1,1
11111011010000000000011110110110,1,1
11010011100100010010100001010011,1,1
01100010101011000010001000101010,1,1
01100110110000000001001101111100,1,1
11001101001000100000010000111111,1,1
01001011100111010001011001110110,1,1
01111011011111010011110100010001,0,0
11110101101101111100011011100101,1,1
10110000011001011010101100011100,0,0
10101100110100000000100010011000,1,1
11000111111111011001100010100000,0,0
11010100100101100010000101001010,1,1
11101001011000110000001110111011,1,1
11110011000101110000010111010100,1,1
11010011010110010001110000011000,1,1
11101110001110010000101010100011,1,1
01010010001011000010010101000000,1,1
10001001010010110010010001110110,1,1
11010010100010010001111110111010,1,1
00000111000111110000010111011011,0,0
11110010100010011101110100001010,0,0
01000010101001010000111001010011,1,1
11101110001110010000110011011110,1,1
11101100010100010101100100110001,0,0
10110001101000010001111111011101,1,1
01000011101001110001001000100110,1,1
11010011110110100110001100110101,0,0
00111101000100110001011111000111,1,1
11010000110110011100001111001101,0,0
11101000101101100001000001111000,1,1
10100101000001000010100010010100,1,1
11011110110001100010110100110110,0,0
10011101100000100001110101111100,1,1
10100100001001000101110100011110,0,0
01111110100000100000011100000101,1,1
11110001101110110000100100111101,1,1
11100001010110010000001110000111,1,1
01101110001010110000101000110100,1,1
10010111101110011001011000101010,0,0
01111000111101110001111011100010,0,0
11010011110111111011001111101001,0,0
10000101001111010011001110011100,0,0
11001011100011100010011000110011,1,1
11011111000001000000001111011100,1,1
10110000000011010010100011000110,1,1
10011011100101110001111111110110,1,1
10111010011100110111001110111100,0,0
10110100111111000111001110011100,0,0
10011100001111010010001001101100,0,0
11100001010101101011110110111110,0,0
10110110100001000011000101010101,1,1
11000100101101010111001101110000,0,0
11000000010111010100100110011001,0,0
10001110010001110000011011010000,1,1
10101010110010010001000001000011,1,1
01111100010111110101111101001010,0,0
11111010010000010100011011101000,0,0
10100110001001000010011111001100,1,1
01000011000110010010001111101101,0,0
00110100101100110001100101111101,1,1
10110111001010001010010111100111,0,0
10101000100011000000011111001000,1,1
00001001101101010000001001110111,0,0
10011010111000001000011111011101,0,0
11111011010001111000111100011100,0,0
11111110000110111001100100101110,0,0
11100100111001111101100100011101,0,0
11011001011010010001111110000000,1,1
10100011100110010011001011000000,0,0
10111100101011010101011111010001,0,0
10100100010010100010100001011000,1,1
11001101111111100111011101111000,0,0
10110011100010110000000100110100,1,1
10010101100001100000010101010011,1,1
11001011010010010010001001010010,1,1
01011100101101000000111111000000,1,1
00101100110100010001010111001000,1,1
11011101100010100010110110001010,1,1
11010001001100100001101111100100,1,1
01011010010010000010001110100001,1,1
01100000001011000000011100100010,1,1
10111100000001100011001001001100,1,1
00101001100011110010001000100000,0,0
11001000000010110011100001101000,0,0
10100011100100010001101000111010,1,1
10001001100011000111111010101011,0,0
10111000010001101010101101100111,0,0
01101010100110100100011111001000,0,0
10000010011110010111001100011111,0,0
11000111111100001011110011111000,0,0
10000011101000110000100001100110,1,1
01001010101100110001100111111000,1,1
11110100101000100001010011111101,1,1
01010011101000100010010101111101,1,1
11000110100111110010011010100010,0,0
01000011101000010000101011100001,1,1
10100011000111000010110110010001,0,0
11100101010101111110010001111001,0,0
10111111100010000010111100000100,1,1
11100011001100100001011001011110,1,1
00111100001000110001001000001000,1,1
11001000100101000000101111001100,1,1
00110001110001100000000101010100,1,1
11100110001010010001101000111111,1,1
01011110101101000001101001010001,1,1
10111001111000101000111111100010,0,0
11010011000000010010010110011101,1,1
10111000100001000010000111011111,1,1
01001011010000000011100110000011,1,1
10001110010010110001110001010001,1,1
10011000100110010010101110001100,1,1
10110101010011111011000101010010,0,0
01111110100110110001001100101110,1,1
00110111001010100000111000000111,1,1
10110100010110100001011001110110,1,1
11011000010101111000101010001111,0,0
01111011000011000001011110101110,1,1
10000100110110100100001101010000,0,0
11111000011001000100110011100101,0,0
10010101100001100001100111011111,1,1
01001011100011100001011001010101,1,1
11110111111011100100100100001001,0,0
10110101010001010000001110111111,1,1
01111111110010100110100100001010,0,0
10101000000000110001000101111110,1,1
01111111110001000000101101001100,1,1
01000001010001010010100001011110,1,1
11101010011100110011001011011001,0,0
01011110011010000001100100100011,1,1
01011011100011010000101101001111,1,1
01111110010101010011001100010000,0,0
10001111001000000110001000011100,0,0
11101101001100000000001010010001,1,1
11100010101010100001111011100100,1,1
11011000011110101000110000111000,0,0
11001011010111100000101001111000,1,1
11000010010110111001111110010011,0,0
10111100000110001011000110100111,0,0
10001010010001100010000011011100,1,1
00110010001101000010001001001111,1,1
01100101010011000010001010010000,1,1
11110010001011110101001111101110,0,0
10101100000101000110000000110011,0,0
01100010101011010000101110110000,1,1
10001010000001111000011010011111,0,0
01000100001000110011001001011001,1,1
10011011111000111000100001100111,0,0
00110111101000010010011001100100,1,1
10011011001001000010011100101000,1,1
00101100100111010000010101000000,1,1
01101111100001100001110000101011,1,1
11110101101001011011100111100011,0,0
10111001011011010010000101111011,0,0
01011001000110000000010110000100,1,1
01011000001101010010001001110110,1,1
10111101101110011001100100011001,0,0
11100011100000110000111101010101,1,1
11101101100110010001100001010010,1,1
00100101111001100010000110011011,0,0
01100101011101100101100110110101,0,0
11000100111110111001011010111000,0,0
10111011010001000011110101111011,0,0
01010010010001110100010001101011,0,0
11011101000001100011000100101011,1,1
11111110010101001110111111100101,0,0
10011100110010010001011101111001,0,0
11110101100100110111100111000111,0,0
11100010101100100100110101101100,0,0
11100101101110110000101101111101,1,1
01011100000110000010011111001111,1,1
10110001100100010010111010100110,1,1
10001101111000010011110011101110,0,0
11011011010110000000100110001010,1,1
01100001001001000101100111011111,0,0
10110101100110110100000011001101,0,0
11010110100011000001100011110010,1,1
01010110011100100000110001011100,1,1
01110111110000100000100000000100,1,1
11010001101000110001111111111101,1,1
00111110101010110000101111100010,1,1
01101111010110000001100101001011,1,1
11001001010110110001010011010111,1,1
11011010111101100011001000111010,0,0
01011111000111000000001100111000,1,1
01010110010010100001100110101011,1,1
10001001010000010010001011110111,1,1
11111110101000100001100000001101,1,1
00110110110100110001001100010100,1,1
01000000100110110000110010011010,1,1
01100110100110110000001100011011,1,1
01001000110001110001000101011000,1,1
10110011110010010011010010010100,0,0
10011011001011110001001000100010,1,2
11010110100100100011100101111000,0,0
11100010100001001010010000011100,0,0
11100111110000110101101110010110,0,0
10001100000100010001100010011111,1,1
10110011011100000001111111100111,1,1
10110101011001100001000001111100,1,1
11101001100000000011000000101001,1,1
01110100100100010001100010000000,1,1
00110010101101000000100001101101,1,1
10000000001000000001000110110001,1,1
00111101010000010001111111111000,1,1
01011001110001010011001001001001,0,0
01110111101000010001111111110101,1,1
11000101000011000010010001111110,1,1
10000110110010000000110111000010,0,0
01110111101110100111011011000000,0,0
11111110100010011100001111101010,0,0
10100011010001010000001110110010,1,1
10111101011001100000000100010111,1,1
01111000110110010101101011010110,0,0
01111101101001100010000101011011,1,1
11011100100001100000000101111101,1,1
10111010111101000100000111110110,0,0
10001100011011000000001111001111,1,1
11101101010010100110010111000100,0,0
10001101001100110001000001110101,1,1
00111011110010100000011001010101,1,1
01100010011010000100000101011011,0,0
10011011000001000101010010001111,0,0
10001110010011110010000000100011,1,1
10100000001100111001011110010110,0,0
10010101111011110010011101101010,0,0
10000111010011100011100110100110,0,0
01010010000100010001010100000011,1,1
01110110101101000001100010100000,1,1
11110011001000110000001100101010,1,1
10110110010000100010111101111001,1,1
10110101010011001001010101110101,0,0
11111100000001010001101010011001,1,1
11101100101100110000011100000101,1,1
01000010010100110000001101100001,1,1
00011111101011110000000100110111,1,2
11101110010000011010101001100000,0,0
10100111101010110000111110000100,1,1
11001111000101010000011011001000,1,1
11110110110111011011010100101100,0,0
01100111000001010001111110100010,1,1
01011011100010000100101000100000,0,0
11100010000000110011010000000001,1,1
11010000010001100010111101101000,1,1
11010101111011010001001111011000,0,0
10101111101000010001101011001000,1,1
00101101010110010010010101100001,1,1
01100010000000100011111111100011,0,0
11000100010101000000100100011010,1,1
10010111110110010111011101011110,0,0
01001110000011100010100101100111,1,1
11110100110010011110111101000011,0,0
11011110111001000110001010100100,0,0
10100010011101010101111111011011,0,0
01001011000101110010010101001111,1,1
10010111100111010000010101111011,1,1
11101111100100000000111001000111,1,1
10011010110110100111000000000101,0,0
10001011100100100101100101111111,0,0
01010101011000110001111101011000,1,1
11011000111010100010000011010110,0,0
11110100001010100010010100100000,1,1
10111001000111010001000001110000,1,1
10010011010011010001001010111111,1,1
01111101010101010000110100011101,1,1
11100001101110110000001110100011,1,1
01101010100000010101001001100110,0,0
01001010100110110001001100011111,1,1
11110101000100110001101010101110,1,1
00101110011101110000010100100011,0,0
00001100010001110000000101110001,0,0
10111010011101000000101000010010,1,1
01111111101000010001000110011110,1,1
11110101101001110000101010110001,1,1
11110101011100100000001011000000,1,1
11110000101101011100001111100001,0,0
11001010010010111011001101100111,0,0
10011110101100010001110111011110,1,1
11110100001111000000111100001011,1,1
11111111011010001110001001110100,0,0
11000011100111110010011100100001,1,1
10001100011010010001100001100111,1,1
11110111101100110001010001110110,1,1
10101001001001000001110101001011,1,1
11001010110110011011111001011001,0,0
10110110110101111010010100100010,0,0
01010000010000100001101010111100,1,1
11101110001000000010101010000011,1,1
10011100010001100110001000111100,0,0
01000000011001110011001101100111,0,0
11100001000000110110011110011010,0,0
00110110100101010010010001101010,1,1
01101110010011100010101111010110,1,1
00101011011010010000101111001111,1,1
11100100101100110001001000111101,1,1
10010011000010110001000100011010,1,1
10110111000110100000100010001000,1,1
11010000111100101100101111001010,0,0
01011000000110010000100010101000,1,1
11100001100101111101111001001111,0,0
11000110101001010100111101001001,0,0
01000101110011110000010111110010,1,1
11110011010101000011110001010111,0,0
01111101000110110010001101000110,1,1
01100110001110100010100000000011,0,0
10011101100001100000000101110001,1,1
10001101010100100010010011010000,1,1
11100000101010000101000011011101,0,0
11100010101111110110010100011010,0,0
01011110011001100000111011111111,1,1
11000001101110011000100110011011,0,0
10000111110100010000111101101000,0,0
10011110101100100000001100111101,1,1
10011011001011010010001111101101,1,1
00111000111001100001000011011100,0,0
11000110000101010000101110010010,1,1
11101110100000001110011011111011,0,0
11010101010111100010101100110111,0,0
11011101001111101011101011111001,0,0
01101110111001010110100011001001,0,0
10001000110001100000110011100000,0,0
11101101110000000011101100001110,0,0
11110010111010010101001101101011,0,0
01011111101011000001010011010111,1,1
10010001101101000100000111101001,0,0
01001101100000100001100101010101,1,1
01010100100111000011000110001011,0,0
11110111101110100000010010000011,1,1
11111001111011100100101011100110,0,0
11101001100100011010010100001001,0,0
01011001110010100000110001000011,1,1
11110000111011111001000010011101,0,0
11001001001100101011110011111101,0,0
10111111011010110000110011001001,1,1
10001001101011110000011011100001,1,1
11010111100000010001010000001000,1,1
10011011000001100000001000111001,1,1
10111000010001001001101001010011,0,0
11111100011000101010110111100100,0,0
10100011001011110111101000011101,0,0
01100100101000000001100010000101,1,1
01111010100010010011001100000001,1,1
11110100111111000110011100101101,0,0
11111111000001100010111000000100,1,1
10010101100111100001001011111110,0,0
01000100101001010011101110001100,0,0
10011101011101010111000100110000,0,0
11110010000111010010100011101010,0,0
10001011101010000011111011010000,0,0
11101011100100001100011111101100,0,0
10010001011110100101011010111111,0,0
11010101000111000110000100000001,0,0
10010111100010110011110010011111,0,0
10110101001111000000001101010111,1,1
11010000101101100100111111000100,0,0
11011001101100101001000001000010,0,0
01011001000000010011001110101111,1,1
10011100111110000100111000000110,0,0
10000101111110010100010001110010,0,0
10101011011010101000010100100001,0,0
01101110010000010101111000011001,0,0
11010110010111110111101000110001,0,0
11110011000101100000101111010000,1,1
10011010100100000001111111001100,1,1
11111100101101110000001101110111,1,2
01111111001100000001110100101110,1,1
10010001101100100001101000110111,1,1
11010100010010010000101111000001,1,1
01011111110010010001001101000111,1,1
01001000011100100010100011100110,0,0
11000010011010000001111010101000,1,1
10110001010001100101010100001000,0,0
01011100010000010011101100110110,0,0
10111101100101010001010000101100,1,1
11011100001001000110100011101100,0,0
11110001000110000010101000111001,1,1
11110101011100001001110011100101,0,0
00101111001010010000100111111011,0,0
01000101001100100000011000101100,1,1
10100100101110000001101001101100,1,1
00111110001000000010100101011110,1,1
10011001101010110101011000001111,0,0
10101111100011000001110100000001,1,1
01111011100001000001110111110011,1,1
11110011000011100110011111011110,0,0
11100010100001011101101001001011,0,0
10011111101001000011110110001010,0,0
10110011000110100000001111100110,1,1
01110001110011010001001010010100,1,1
11101000000101101010011001010010,0,0
11011011000000100010110000001010,1,1
01111100001001010010110011101101,1,1
11010001011011100100111111000011,0,0
10101111000011100000010001111010,1,1
01000111001101000000110100001000,1,1
01100100100010110000101110111011,1,1
11111111100110101010000010100101,0,0
10010000010100010101110001000111,0,0
11111101101000100000011001110010,1,1
11000101100011110010010000100110,1,1
01101110010100100011111101101001,0,0
10110011001110000000101000101001,1,1
11111000110000011100100010000001,0,0
01110100110010010000010110011111,1,1
11110010011111000100001001001000,0,0
01101100001011100010001111110010,1,1
01011100010110110000110001100010,1,1
11010000010000000010110111010001,1,1
10110011011010010001100111111011,1,1
10101111000011111000000111011010,0,0
11010000000100010101011001111000,0,0
10110111100011010001100100100011,1,1
10101100000101110001111010101001,1,1
11101000011010100000010011101110,1,1
10001010100100110000011010001110,1,1
11000110101001011010010110100000,0,0
10001110101001010000010101010001,1,1
11000010000111000010001000001110,1,1
10110001001000000011000010101010,1,1
11101011100000000010011100001111,1,1
10111101111010000011001111111011,0,0
00010110110110000000011101001101,0,0
11111100111001010101101100011011,0,0
11101101111000110011000100111100,0,0
11110000001010010000010010000111,1,1
01001000101001010010011000010010,1,1
11001111100001010111111001011110,0,0
11000000000110001000100111000110,0,0
00011010010011110000101110010000,1,1
11001000110110011000100011000010,0,0
10001011001001000001101100011101,1,1
10001001001110110111110000001110,0,0
11101010000001000101000100110000,0,0
10111101001100110001010001011101,1,1
11111010011101100111100011111000,0,0
01011011001000000000101101010100,1,1
10111111110101110001000000011001,1,2
10110100011100010001101010000111,1,1
10110000011011110011110100101110,0,0
11100111011010000000010101000001,1,1
01011000110001100011100111000001,0,0
10100100110011000000101111000001,1,1
10010011011110111000000111100000,0,0
01100110100110000100110111100010,0,0
11101110110000100111100010001111,0,0
01000111001011010001011000000111,1,1
01111100110110100100000011010001,0,0
10001111011101110010100011001111,1,1
10011011010001100010100010101011,1,1
11111101010111101000101010000011,0,0
00101010001010010001111111001010,0,0
11111100011110110100010001111110,0,0
01101111001110110000101110111100,1,1
11001110010000011100000101100101,0,0
01110111100101000010111001100101,1,1
10000010000001100101100000010111,0,0
10001000011101010111111000110111,0,0
01101001000000100001000111100101,1,1
10000100100011000010110101001011,1,1
10010000111001000100101101101000,0,0
11010101011000010001011001100010,1,1
01111111100101000001100110011111,1,1
10011011101110010001010110010101,1,1
01101110011100110011010110100101,0,0
11011010110010100001001000000010,1,1
11010000101001100000101110110000,1,1
01110100101111010010000011011011,0,0
01010110111000110001111101011101,1,1
10111000000010010001011111011000,1,1
11010101010010001011111001001111,0,0
01100101001100110000010000010001,1,1
01111100010000110011001001000011,1,1
10111101011110110011000100000101,0,0
10000101111010001000010001100110,0,0
11111101101000011100011010111100,0,0
10001010001000011000100111111000,0,0
11000100000100010011010000101011,1,1
10001110011101110011111111001000,0,0
10101010000000110011011101111110,1,1
10110111100011001001100011011011,0,0
10110010010000100100011011011000,0,0
01010000000011010001010111111001,1,1
11101000000001110110000010000101,0,0
10000000010000110000010101011100,1,1
10100100001001000100111100011101,0,0
00111010100101000010110001001101,1,1
10001110100001100010101010110001,1,1
00101000000100100001011010001011,0,0
01110000101000100110110000111011,0,0
01001011001110000001010010000110,1,1
01010010100000100000111001010110,1,1
01001001010001010010000110010011,1,1
10000110100111110101111111011110,1,1
11111001011001100000110000010000,1,1
01110000110011110010110000110110,0,0
10011001111100000001101011111001,0,0
11100110100101100001100101101111,1,1
11010001110010110101100000001110,0,0
11101111110100110011001100000100,0,0
00011000110000010000010101101100,0,0
11101110010011001100011110001111,0,0
11111100000100100000011101101100,1,1
10000100101110110101001111001110,0,0
01110010110100100000011010111000,1,1
01100110110000110001011100000111,1,1
11111110100101000100010000000101,0,0
11100000000010000001110101101000,1,1
11111010001110000010010000110101,0,0
11111101001010100111001101000001,0,0
11100011001101110111001010011111,0,0
01101011010010100110101101000101,0,0
01110111100101000111010101010010,0,0
10100110111111110000011111010110,0,0
10110111011000011000101011100011,0,0
11111111110010001100100001011010,0,0
01100001010000110010000101110110,1,1
10001111000100110000101110010011,1,1
10000100100111110111000011011011,0,0
01000111001011110001011100011111,1,9
11000101110110010010111011000100,0,0
10010011001100110001010100110000,1,1
11111101111000011011101001110010,0,0
11110001100101110001101011100111,1,1
11111110010111100110001101100111,0,0
01001001010001000001010011000010,1,1
11101111010110100001010001000001,1,1
11010000110101010101001111110100,0,0
10010000111111010000111111000001,0,0
11010011011110101011000100001111,0,0
10001101010000000010111100101001,1,1
00111101001101000001100101010110,1,1
11000010100111110010100100001110,1,1
11101111011001100000000101101110,1,1
01110010000010110000011001111011,1,1
01101111101010110110100001111010,0,0
01000110111110110010001010100110,0,0
10000100100101000010101000001110,1,1
10111110100000110100001001100100,0,0
11111101100101101000000001100010,0,0
11101101010001000010110011101110,1,1
01111110110100100000110110010100,1,1
10100001101001110000100100011101,1,1
11000101010011000000111000011100,1,1
10000100101000010010011000001111,1,1
11101010010101000001011101111010,1,1
11001110100100100110011111100000,0,0
01011110011011100011110010111101,0,0
11001010011100010000111011000011,1,1
01000101100000100010000111100110,1,1
01101100101001000001101000110111,1,1
11110111001111011100000101011110,0,0
00101100001000000000110010011101,0,0
11111010000001011010100011010101,0,0
10100101111010000000111110101111,0,0
00010010111110000000001100011101,0,0
11101100101110000111111110011110,0,0
11100101101111100111111101100101,0,0
10010100001000100000101101000101,1,1
10010111110000000111011101110100,0,0
01000011011111010011101000011100,0,0
11101101101001111010000100000010,0,0
01101000110010100001001010101001,1,1
10110000001100011010101010101010,0,0
01110011001000010000101001000000,1,1
11100001001110000000111000010100,1,1
11100000100000110011101111011101,0,0
10111111001001000010001011011001,1,1
00101010001001010001101000110110,0,0
10100000001010010010010001010011,1,1
01111001110010000000110000100011,1,1
01110100111100110101000101110110,0,0
11110110001011010001001000110101,1,1
11001010001110010101111101101110,0,0
11110110111110001101000101000001,0,0
11100110000100000001110111111010,1,1
00110000010111010000010001101000,1,1
11011011110010100110001010101101,0,0
11101101000110010010100001101011,1,1
01011011101010110001001001000110,1,1
11110110010101111001000111100011,0,0
10110111000100000010011011111100,1,1
10000011110101100010000010101110,0,0
11110000100000000001010100101010,1,1
01101110101101010101101110001101,0,0
11100111000001000100011001000111,0,0
01101011001101000001010110011110,1,1
10010010001110100100011111111100,0,0
11001100101110010100001011010110,0,0
01001111100010010001010001011011,1,1
10101001010101000000011101011011,1,1
11110100001110010001011010111110,1,1
01110111001110110101001101011000,0,0
01110000111001000101000001000101,0,0
01011110110001100001101111001000,1,1
10100111001001001001101110011100,0,0
01101100010010010010000110010111,1,1
11100010110010100000110001111111,1,1
01100110001000100010011010001110,1,1
10001110110110110101110000101000,0,0
10101000101010110100110001110110,0,0
00011101111001000001101101010111,0,0
11110001110100010001000101001100,1,1
01110100010100100101111100111100,0,0
11110001010000110101000000111000,0,0
10011011001000000010110110001111,1,1
00110001010110000000101111101110,1,1
11000000010010110011111001100110,0,0
11010111101011111010111000000001,0,0
10101100011100000000111110110111,1,1
01111000100001110010011110110100,1,1
11100011111101101001011111111110,0,0
01010101100101010001100001111101,1,1
10111001101010110110111101010001,0,0
01100111010101010101010011011111,0,0
01001110011111100011100110011000,0,0
11011010101001101000100011111011,0,0
10101011110000011001001011100010,0,0
01000110001100000100000100110110,0,0
11000100101111010111100100010011,0,0
01011100001011100010110011011000,0,0
10101101000010000001100101001001,1,1
01111100100000100000111011000101,1,1
00101110110010110001111110111001,1,1
00110100100110000001101110001111,1,1
10110001101100100001111110100110,1,1
01100100110011110000011010010001,1,1
01011010101111000101011110001010,0,0
10010110000010010101110101010010,0,0
10100010001001110001110001100011,1,1
00111000010101100001010100001100,1,1
01101001010011110010011001010100,0,0
10001000001110000010001001000110,0,0
01001011110001110010000001010101,1,1
01110100110001100001101111011000,1,1
00101010111101110000110111011101,1,1
01100101010000100010000101000100,1,1
00110101110100100000001001100101,1,1
11011001000010010010010000101110,1,1
01100110010111000110000010101111,0,0
11000010010110110011010000101001,0,0
11001110001010010001110100111101,1,1
11001000110101101100011111001000,0,0
00001001110111000000001101110111,0,0
10001011101110100001111111010100,0,0
01001101000011100010100011000101,1,1
11011011000000010010111101111111,1,1
10000001001111010110000101111000,0,0
01101001010001110100011011000100,0,0
11101000011111001011010111111000,0,0
01011111010010110001010111111111,1,1
10100111011011100011111110001011,0,0
10010010100110100000001101011011,1,1
11110111000011100011000111010110,1,1
00111001101100000010010110111000,0,0
11111000010111110011101111011000,0,0
10001111110010110110111000101010,0,0
11001100001001000010101011100011,1,1
11000100001100110001101010001010,1,1
11101101100101000001111011001111,1,1
01100011110101100101101110100101,0,0
10010100111100100000111111111100,0,0
01110111100100010011001001111110,0,0
11101101010001000011101001000110,0,0
11011011100000001101001001011001,0,0
00111011011100110010101110100100,0,0
10100011101000010101100100101010,0,0
01111100100100110101010111011110,0,0
11111101011101000001110111010011,0,0
11111011111101110100110011110101,0,0
01010010001000100001010110001100,1,1
10000111011100000001000111110001,1,1
10010010101001100000001110010111,1,1
10101101101111010101010000101101,0,0
11101100000001000010100110000010,1,1
11001101010010100000110011001100,1,1
11111001010110000000111000011010,1,1
10010011111011011000011111010000,0,0
00111010000001110000011011101000,1,1
10100100001100000010110100100111,1,1
10100011000011110000111101110111,1,1
10011000001010110000011010110011,1,1
10111011111001000100001111001010,0,0
01110001011000110101100010111011,0,0
00111110000110000001111011100011,1,1
00111011010010110001111100100101,1,1
01011110100011000011111101100101,0,0
10000111001010110001000111000100,1,1
10110111101001000110100100110110,0,0
11001011100111000000011000110111,1,1
10100010101111010010010010011010,0,0
10011000111101111000001000000111,0,0
01111011011011000000000111001010,1,1
10111101111110000000011011000100,0,0
01101100100111110110101110011111,0,0
11010100000111010111100110100111,0,0
10111011000101000000100010110110,1,1
11001111011100001100001010110001,0,0
11101100010000100010011111011000,1,1
00111100000011100001110010100001,1,1
11111101000011110011110001101001,0,0
11110000101101111011101010110011,1,1
01100000010000110000100010111001,1,1
10001111001110100100111110011111,0,0
00110000100110100010111001010010,0,0
10000001100100110010111000011111,1,1
10110101100110010001110001110001,1,1
11010011000101000000001101000001,1,1
10101001010110100000111110110111,1,1
10010111011001110000001110111000,1,1
11111001101111101000110111111011,0,0
01101000010101000001010100100011,1,1
11110111000101101011101010010101,0,0
01101100110101100000011000111001,1,1
11101000001010010010001000000100,1,1
01110000110001100000010111101110,1,1
11011100000011001011100110001000,0,0
11110111010101010000001111000101,1,1
11000011100110000101111100111010,0,0
11111010000111011101001011000110,0,0
10111011100111010000011010001110,1,1
10010001010101100100010101010000,0,0
01101101010011110110000010011101,0,0
11111011000111101010110100110100,0,0
01100101010111000101101111010110,0,0
10101000001011100010000110101001,1,1
11000110000000110111101101100100,0,0
01110111101010010000011100111111,1,1
01100111100011110001111100101111,1,1
11101111110010110001011111000010,1,1
01001111010110000000101011010101,1,1
01101100110000100100111011100010,0,0
11000110110111101000110110001001,0,0
11011001000111010000001101011111,1,1
10000101100010000101011011110000,0,0
10110001101101010001100100101001,1,1
01010110001011000010001111100000,1,1
10110001000010000100101001110011,0,0
01110111000101100100000010101100,0,0
10001110101000000110001111110101,0,0
00111111011010110001100011000110,1,1
10101111101010010001010101111011,1,1
01111001110100110000111011001001,1,1
11100000101101011011001111110011,0,0
10110101101101000100110101101010,0,0
01111001000001000010110010110111,1,1
10110001100100110110110101101001,0,0
10010001111100010100001000011100,0,0
10011000111101001000011011111100,0,0
10011000000110010110100011111110,0,0
10100110100001100001010001011111,1,1
01100101000101100011000111100001,1,1
10000100111011000001110011100001,0,0
11011101110010111100100010010011,0,0
11111101111100000101010100111010,0,0
11000100001000001000000011011111,0,0
01111001011000010001011111110100,1,1
10111111101000010000100100011010,1,1
11000110100010100010100111010110,1,1
01110100100001000001000111111100,1,1
01100101101000100010110011110111,1,1
01101110001011100001001010000101,1,1
11111111110000101100000001011010,0,0
01101100001111110001000101001000,0,0
11101000110110110001000111100000,0,0
01101000001111100010001001101100,0,0
10110100000001011000001100001000,0,0
10101101111000111000001101001000,0,0
11100101001011000011000110111101,0,0
10110101001000010010111011011010,1,1
10010011011110101000101110110001,0,0
10110000000011000100010011000111,0,0
10000111101011110111110111010110,1,1
00110011100110010000011011000001,1,1
10001110010111010110101000000010,0,0
10011010000001110000011100100011,1,1
11100000110100000001011011011100,0,0
10100101001001110001111110111110,1,1
10101000011100110101100110000110,0,0
11010000000001100001010000010110,1,1
11101100010110001100111000110001,0,0
01100110100100100100011000100000,0,0
11100100011010100000100111011000,1,1
01001100010000010001001111110101,1,1
10110010110111001000001000111010,0,0
11000001011010111010110111100101,0,0
01011110111010110100100010101000,0,0
11010001001000100110011111000111,0,0
10101111101100110000011111001010,1,1
01110101110011010001010010111010,1,1
01011110011110010001100010110100,0,0
11101011000111000000101100010110,1,1
10010110100100000010101011001110,1,1
11110110010000100100100000100010,0,0
11111010011001111010100101100011,0,0
11110001010110110001011100100000,1,1
01100011110011110010011110101111,0,0
10100111000011110000011011011010,1,1
11101101011011110001011011100001,0,0
01111001000100000001010100110001,1,1
11001001110001100011011010000101,0,0
11011001101100100001010111011011,1,1
10011010011110100100010000000001,0,0
11000001000010100001100100101001,1,1
11100101000001100011001010010011,1,1
10100100110010000000010001100001,1,1
10110101101111101010011010111001,0,0
01000000110001000010001010000010,1,1
11011000111101111000100010011010,0,0
01101110010110110011110011100100,0,0
01110110100100100000011111111011,1,1
01001110111101000100101011011010,0,0
11101001000111110000010111110111,1,1
10001000101111000001011001001111,0,0
11010110100110000001100011101101,1,1
10001100010111000000011100100000,1,1
00110010011101010010010110001001,0,0
11100110001011100000001010011001,1,1
11111011100100000001001001010111,1,1
01110110110011100000010100100010,1,1
11010111011010100100001101110101,0,0
11110010010001101111000101110110,0,0
11010110100100110011100011110001,0,0
10000110010100100010001010101111,1,1
01011111110001100011110001010111,0,0
10000010010010110010111001000101,1,1
10011111000010010011000000110000,1,1
01000110101100100100000101111010,0,0
01011001001010000001010000110110,1,1
00110010000110010000111110110000,0,0
11101110100000011010101001001111,0,0
11001100000011010000110010011111,1,1
01100111100010000010110010011011,1,1
10001111111100000111101001001101,0,0
11011001010010010111001000011010,0,0
00111001101111000010110111100010,0,0
10010101110010110110101111110101,0,0
10010001101010000110001001101110,0,0
10111000111110010100111101101011,0,0
11101000100111010101010001101010,0,0
11100110000001000000001011100110,1,1
10001111110100010010011111000101,0,0
11010000100101110101111011000000,0,0
11111000100001101010011010100001,0,0
01011001000010010000101011011110,1,1
10101111001001000101011101111110,0,0
01110010000111100001111110010010,0,0
11111100110100110110011111010110,0,0
01110111000011100000011010110111,1,1
01010100110011100000011010110100,1,1
10100010110110010110101001100000,0,0
01111100010101110110011111011000,0,0
01111011001101000000110000010010,1,1
11101100100000100010100111011011,1,1
10110111011101010000101101100000,1,1
01010000000110010001110111010001,1,1
01101100001101000001111001100101,1,1
10110010101101001011000000100101,0,0
01100110110001000000010011110000,1,1
01001100001100010010111110010010,1,1
01000110010000000000010000000100,1,1
10011000010001100111001100000101,0,0
11100110010101010111000000110101,0,0
11000111010000010101000001000001,0,0
11100110001101100000011011110001,1,1
01001000010100100001001101101101,1,1
01001110010011010001111100011101,1,1
11111010011111000000101011110101,0,0
11101001110000110010101111101000,0,0
11111000111111001011001001000110,0,0
01110110110101010000001100110000,1,1
11111000011010110011001011101001,0,0
00110111001011000001101100100101,1,1
10011111010000010100101110010100,0,0
11000110110110010010110011010001,0,0
11011010101000010110110000101111,0,0
10011101101010000010010110010010,1,1
10010001001101010010010000001011,1,1
11001011101110010001011110011000,1,1
01011000101101110000010001010110,1,1
01010100010000000101001100011101,0,0
11011011001101011100111110010100,0,0
10111011000110010010110110000001,1,1
00100110100100000010001100001101,0,0
11011111011010011001110101100101,0,0
00111001010010010000011110100011,1,1
10111011101010100001111011110010,1,1
11010011011010110001010100100011,1,1
10100000000100100001000001000010,1,1
11011001101000101001001101011111,0,0
11100111001001101001001010110011,0,0
11110101010011000101100101011010,0,0
01100101011001000000111001000100,1,1
01111101010100000101101100010010,0,0
11000111111011001000000111011001,0,0
11100011010100110101110111011010,0,0
11010000100001100000100100111011,1,1
11101111110010111011101011110100,0,0
11011010100000010010110011010001,1,1
10001000100001010001111011110000,1,1
00111011000001010000011111010111,1,1
00111110110010000010001101110101,1,1
11010101001010000100110011110011,0,0
11100011111111111001101111101000,0,0
11100100111011100110101010101010,0,0
11100110101001001011100101010101,0,0
11110011000110000010101100100000,1,1
11001101001010111010010110111111,0,0
01110111110100110011010000111011,0,0
10110000011000001000000001110011,0,0
11011110101000001100000111000100,0,0
01100011000000010000001111110100,1,1
11011001000110100000101101101011,1,1
11111011111110100001001111010000,0,0
10001101011110011000011110011101,0,0
10100101010101010001111111101101,1,1
01101011111110110011000110101010,0,0
10100011001011110110100101001101,1,1
11110001101100010001001100010011,1,1
01100111000010100000100010100111,1,1
10100001111111110111010110111111,1,1
10100010010000100000110000110100,1,1
01001011001001100001101000001100,1,1
01110110101011110001001001100100,1,2
11000011100000000000000100001010,1,1
01100010001101000001100111000011,1,1
01100001000010010011010111011100,1,1
01101100010001110001101111001100,1,1
10101000000001000010110100011001,1,1
11110101000100111011111111100101,0,0
11010110011110010111101001010111,0,0
10011000110010111000011011100111,0,0
00010110100011110000010000100110,0,0
01110011100000010010100000001010,1,1
11111001010100000010011001100110,1,1
11001110100010100000101000011000,1,1
01011101001101110000110110011111,1,2
01110011011011010110000010010100,0,0
00110100100011100000010111110110,1,1
00110101001010100000000100000001,1,1
11110110101101110100110011100011,0,0
10011101010110111001101001001000,0,0
11101010000011001011100110110010,0,0
00110111101101000001011000101111,1,1
10001001100011110110001101100110,0,0
10111011011000000011110001000101,0,0
11101110110001000000100001011101,1,1
11000101111001101001110001001101,0,0
11101111011001110110011011011100,0,0
10101000100010010010101110001100,1,1
11101011010000011000000110001011,0,0
00111110010000110000100001100010,1,1
10000111001010010001110100011010,1,1
11010100000111100000101100101111,1,1
11110001110111100111111111011011,0,0
11010001001101110100001000001101,0,0
10001010110001110001111111100001,0,0
11110101110011100001001010101011,1,1
10010110010101100010001111101111,1,1
01111111011011100000110110010000,1,1
01111000101101010101110000000111,0,0
00111110001001010001011000100101,1,1
01111101110000100110101111110110,0,0
11100111001011010000110111111010,1,1
01110111111110010010111110101111,0,0
10011110100010100010011010101000,1,1
11000000000101100010011011110111,1,1
10010010000110100111001110000001,0,0
10110100001101000110010000011000,0,0
11000001101000001011100001011110,0,0
11001010001011000001000101010111,1,1
01110010000110010001000011011100,1,1
01111110101011110100100101011100,0,0
10100010010100000110111001010011,0,0
10110001011110011001111000101000,0,0
10011101100001010101011000110110,0,0
01100111001001100110001010011000,0,0
10100111011000110001101111100000,1,1
00110100110101100000111010001001,1,1
10101100100000100000100001000001,1,1
10101010101001110011111110100111,0,0
11100100011000100010100100110010,0,0
01010110111011110100001110111011,1,1
11011111011010110101111011101111,0,0
01111110101001000001010110011101,1,1
11101010100111100111011100001101,0,0
10001110000010011000001011011111,0,0
10000100111111110011111100111110,1,1
01000101101101100000111010000001,1,1
11111001111011000011111101001100,0,0
10011101000010010011000101111010,1,1
11011101001101011000010101100110,0,0
10110100000001010110000000100000,0,0
11000010110000001000101011111100,0,0
01100110000110010000100100010110,1,1
11010011100111101001101010010100,0,0
11101010100111100101101010011110,0,0
11101001011110110101101101110100,0,0
01011001100000000010010001100010,1,1
01110000011000100101011000101100,0,0
10100000100011100011101000010011,0,0
00111100101000010001100110100110,1,1
10111011110001000001011101010001,1,1
01001110000011110001111111001111,0,0
10000011001011010010001010110011,1,1
01110101101001100010110110110101,0,0
10001101100110010010110001101101,1,1
10111111110101010001001011101101,1,1
11101111111111010011111001101110,0,0
01001110100111010011010110011110,0,0
01111101011100000000001101110001,1,1
10101101111110001000100111101011,0,0
10110111110000110000111011011001,1,1
10010111110010110010010010000000,0,0
01111111011010100111110010111110,0,0
01001100111100000011101111101010,0,0
11011010000101000000000110110011,1,1
11101010110100011010000010011001,0,0
11000001011010110100001101011101,0,0
00111010010001000000100010110111,1,1
11010101101011100000111110001011,1,1
10011111100110110000101000101010,1,1
01101011001001100010011100110001,1,1
11101101011010100100101111111000,0,0
11001110001110001100001001011100,0,0
11101100000110000010011110000010,1,1
11111111101010110011001101101001,0,0
11111010101010111100001101100110,0,0
10011010100110010001000000100101,1,1
11001011010100111010100011111111,0,0
10000100000111010111000001010001,0,0
10011101001011010011010010010110,0,0
11100110101100100000000111110000,1,1
11111011010000110110101100100010,0,0
10001010101101110111010111000110,1,1
11000001001001010010010000010101,1,1
11110011010101000001000110010110,1,1
00111011110010100000100111111000,1,1
01011111110101100011101000110101,0,0
10110011101010100000011101000101,1,1
11110010001010010010100000101101,1,1
01100010101110000101011001101101,0,0
01100000101001110010101111010010,1,1
10110001001100001000110011000000,0,0
10011110111110001000100000001011,0,0
11010000000001110010010110000000,1,1
01010001000110100000110110001001,1,1
10100000010100110101011001011011,0,0
01000010001010010010000101000001,1,1
11100011100001101110000010001100,0,0
01110000000011110010000101000110,1,1
11101100001111000101010101111010,0,0
01110110110100100001011111001111,1,1
10101010001100100001011100001110,1,1
01011000000010110001111100000111,1,1
11100011001001101100110011110001,0,0
01110011101010000010001110100000,1,1
01111111100111010101001110100110,0,0
01000101001011010000000101010111,1,1
01011101110001010010010000001011,1,1
11101010010000000001110111111011,1,1
01110110001101000100111101111101,0,0
10101001001100000010111010110110,1,1
01000011101010110000110111110100,1,1
10010101010001011000010010110111,0,0
01110001100000010000010100010100,1,1
01101011010111100110001010010100,0,0
11111101010000111011111000110010,0,0
11110010000100000000100011011110,1,1
11101100000101011101101010101001,0,0
10111111001000010000110100100111,1,1
01011011001110100001001010000101,1,1
11000101000010010001110001000111,1,1
11101101110000111000101000011111,0,0
01101000110001110101010101000101,0,0
01100010010010100000111010001001,1,1
01001010001101110001001010111100,1,1
10010010010001010010100000100000,1,1
11100111010001101110010000111000,0,0
11000010110100010110100000010000,0,0
01111000001100100000010101000101,1,1
00111111101101100000100111100100,1,1
11101110011011111101011111011100,0,0
11111010100001000001010001001000,1,1
01100110110110000001011111100100,1,1
11111101111101110101100010101100,1,1
10110010101110110000001011100010,1,1
11010011110001100001010000110101,1,1
11110011001011000010000110000000,1,1
10111101011010001000001011010110,0,0
00110110110000110001010101100101,1,1
00111010110011010000100101100111,1,1
11111000011010110010000100000110,0,0
01101101110111010100110110001010,0,0
00111111010101110010001101110100,1,2
11010110001011100000001001011011,1,1
10001110000100000010110001100010,1,1
11110110100001100000100100101011,1,1
11111101001010111011010000101111,0,0
11101010000110110001101001111101,1,1
00101000011010010001101110010001,1,1
10101100110101010000111111110011,1,1
10010011100110000000100111100011,1,1
01001110010101100001010110011111,1,1
10011010111111000011110100010110,0,0
11010010000010110001000111110101,1,1
11101000100001011001010101100110,0,0
01010011001010110000111110011110,1,1
11110111011101000110100101111101,0,0
10110101110100110000101000000101,1,1
10110110100010010000010101010011,1,1
11101101100001000000101000100010,1,1
10001001000100100010101100110000,1,1
10000101000001100111111010100001,0,0
11011111110001001001110110011000,0,0
11101101010000000010011100000111,1,1
01001100100010010001011101000010,1,1
01100010001001100000100011101001,1,1
11011110010000100001011010010000,1,1
01110000110111000100110110001000,0,0
10100011000111100011000000111000,0,0
01101001001100100101001101111111,0,0
10001111001000010000000110011000,1,1
11101100100001001001101010111111,0,0
01100001001111110101010010101101,1,1
01100000110001000010011011111110,1,1
10001010100001010000111011100010,1,1
11100001110011101010100110110111,0,0
01010101000000100001011101101011,1,1
00101111101110010000110110111010,1,1
11100011010111000100010101011000,0,0
01111111011100000000100001101100,1,1
00111000101011010000110000101101,1,1
10111110110100010110000110100011,0,0
10110100000011000000011010010110,1,1
01011011011000010000010100010001,1,1
10100101011101010001100000100111,0,0
10100001110100100010001110000101,0,0
01110011010100000010010111001111,1,1
11001100110101111011001001111000,0,0
11111110010010101010111001001011,0,0
01100010001000010011001111011110,1,1
10101000001001000010011100111101,1,1
11111000000110010001100001000011,1,1
10011111000101000101110001100100,0,0
11111011100011110110001111001100,0,0
11101000100110010111000000100100,0,0
10110101001101001010100100010110,0,0
10100100100000110010001000011100,1,1
11101011100101100000110010100000,1,1
01101101100111010000001111010101,1,1
00100111110011010001011110010101,1,1
11011110001000000000111111100100,1,1
11111110111101101011111101000111,0,0
01100101100010010010110110010010,1,1
10101110100111101010010110011001,0,0
00110010101001000000111100100000,1,1
11001110100010011001001000001111,0,0
11001001111110100000110000010111,0,0
00011101000011110001010100101001,1,1
01111000101011010001110011110000,1,1
00110101000100100000101010111110,0,0
11010010101000000110100010111010,0,0
00011100001001010000010010011000,0,0
00110111001010010001100001001001,1,1
11000001000110110001000001100011,1,1
11000100110011010110111101111000,0,0
11000101100100100010001110010100,1,1
11001111101000110101001100100010,0,0
11100001011011000101001111111010,0,0
10100100111010110111011110111011,0,0
10010101101011010110101101000001,0,0
00111101111001110001000010111000,0,0
10011011111001111001101000100010,0,0
11000111100010100010110101111001,1,1
10100110111011010001001111000000,0,0
01100011110111000011010011100111,0,0
11001110010000100010000110011111,1,1
11011001101001000000101010000000,1,1
10100100101000110000011001001000,1,1
10000101011110000000101101001101,0,0
01101100010110100010000000011101,1,1
11110011000100110100010011011001,0,0
01010001110001100001111101000101,1,1
01101000000101100001101100000110,1,1
01110001101001010000101010000111,1,1
10101000100001110100100000110100,0,0
11111101100100111001111010000001,0,0
11010001000101110001010010001001,1,1
11100111001010010001000100000100,1,1
11100010101101000000100101001100,1,1
10001101000111100000001011001000,1,1
10011010000000010001111010010100,1,1
11101000000001100011010101000011,1,1
01011000100001100010111101101010,1,1
10110100110001110000111110101111,1,1
11001000111011011000110010001011,0,0
10100101000101100010000110110010,1,1
10000100001000100010101111111000,1,1
01010000000110100100000000010111,0,0
11010000001110010111001000111100,0,0
01010010101101110000010101101101,1,1
10001000101110100000110110001100,1,1
11100010010101110010000111001000,1,1
01110110110000110000011101110011,1,1
11100011100000010000010011100001,1,1
00110101101001100001111011110111,1,1
11000001010101000010001001001110,1,1
01101010110011010000111000011100,1,1
11011110010000000111110010111000,0,0
11011011010101010111101100101111,0,0
01101001000010110011010100111001,1,1
01010000001001000001100101100010,1,1
11010010010000101011011111100110,0,0
11001110101001000001100010000000,1,1
01100011111111000000001001111000,0,0
01100010000111110011011000111111,0,0
00100110011001100000100101011111,1,1
10110110001101110010000110000111,1,2
11011000001100000100010011110011,0,0
10110100000001000000100010000000,1,1
01101111101010110000110010111011,1,1
11101111101111010100000101011011,0,0
01100110011010010001100101111000,1,1
00111101101001000010010111011000,1,1
01000000100011000010011010000100,1,1
10111011010101000101100001100011,0,0
01100001000010000010111001000001,1,1
10001111101001010010101111110100,1,1
11110110010110100001001001000010,1,1
11101001111000000111111100010010,0,0
11101010111101010011001001000100,0,0
01011111010110100101000010000000,0,0
10100011101001001010001100011011,0,0
01111011010110110001101111110000,1,1
01101011001110000001001000110101,1,1
11110000000001110010101111010110,1,1
11000000100100011011010110010101,0,0
01110110111011100001111111100001,0,0
10010110000110111000100001010110,0,0
01011011010101010001011010111001,1,1
10010001001101110000101110100100,1,1
01000010100010110000010101011100,1,1
11011100100100010010110000110001,1,1
11010000011000100101101100100110,0,0
11010001001100011100010010100100,0,0
11101000000110100001000011100100,1,1
00100110110101000001101001110111,1,1
10110100011000010001101101001011,1,1
10111111010010010000010110010111,1,1
01110100110010010010011110110001,0,0
01110111110011000000010101111101,1,1
11001101101001010000111010110100,1,1
10011010101101010100101100110110,0,0
01000001000010010001110000111110,0,0
01111001100111010010010011010000,1,1
11011100000001010000101011011001,1,1
10111001010011000000001101000011,1,1
01010001000101110000110001100100,1,1
10101001100010010110100000001101,0,0
11001111001100110001110010001001,1,1
10001110100100000100001011110100,0,0
01001000101101000000101101010111,1,1
10100110000010000010101000010110,1,1
01001101001111110001010110010001,0,0
11001001001110110101101011010000,0,0
01110011110010000000111100001011,1,1
01100000110001010001011001011100,1,1
11100000011010110100010001111001,0,0
10100011101000010010010100011100,1,1
01010100101110010000000110011011,1,1
11101001001100010010000000101011,1,1
10101000001000110100100101101100,0,0
11011011111110101001100001101101,0,0
11100000101101111010011111110101,0,0
10010100010100100000011001010000,1,1
00001011011100100000011101010000,0,0
10011101001101011001110011011000,0,0
10001111000011110101011000110111,0,0
01001100001100100000110011111111,1,1
10110111101101001011010010110110,0,0
10010010001101000001110010111101,1,1
10100101000110010001011100000010,1,1
01100111001011100000010011011101,1,1
10110001001001010000010111100010,1,1
11101001000000100001011101000001,1,1
11100110000000011100100010101111,0,0
11011011000111111101000011010111,0,0
11111100010001000010010001100100,1,1
11101010110011010011101000010110,0,0
11110101000011101011010101111111,0,0
01001000100110010001101011100100,1,1
11111100111101111111000100000011,1,1
01111000101001000101010000100100,0,0
11111111011011010001001010110111,1,1
01010100101101010001001100001000,1,1
10110011100001110000110010101001,1,1
10101100001001110001101000011010,1,1
11000111011110110110011010101011,0,0
11011011001000111011111110011111,0,0
10111000001000000010011001000011,1,1
10111010000001010111101110111011,0,0
10101101111001100011001111101001,0,0
11100000001011110111111100100001,1,1
11010000101101110010101101111001,0,0
10111100101011100000010100001101,1,1
00111111110101000001100101010100,1,1
01110001110000100000011010111011,1,1
11010111000101110010101101110110,1,1
11001111101001000001001100001101,1,1
01010101110101010010000110101101,0,0
11101010100000010000101000010011,1,1
11100100000010000000011011100111,1,1
10010100110101100011011110011111,0,0
11100010100011110100010010011110,0,0
01000101011010000001001110110010,1,1
11100100001100011101010001000011,0,0
11101100000001000111111011111110,0,0
00110101001101000001010100010001,1,1
11000111010111000110110101010010,0,0
